,state,order_type,open_time,open_price,close_time,close_price,exit_type,macd_value_at_sell,signal_value_at_sell,histogram,volume,buy_sma_greater_ema,profit,pnl,trade_type
0,closed,sell,2016-03-24 09:00:00,1.32448,2016-03-24 12:00:00,1.32538,stop_loss,0.003580539500866564,0.003616313876548783,-3.5774375682218976e-05,2442,False,-89.99999999999008,-89.99999999999008,loss
1,closed,sell,2016-03-24 14:00:00,1.32635,2016-03-24 17:00:00,1.3272499999999998,stop_loss,0.0034168655933155545,0.0035530786686268846,-0.00013621307531133013,6172,False,-89.99999999999008,-179.99999999998016,loss
2,closed,sell,2016-04-22 06:00:00,1.27031,2016-04-22 09:00:00,1.27121,stop_loss,0.0012451865570224374,0.0013677572447593673,-0.00012257068773692992,3062,False,-89.99999999999008,-269.9999999999702,loss
3,closed,sell,2016-05-05 02:00:00,1.28614,2016-05-05 06:00:00,1.28459,profit_on_bullish_trend,0.005278865380144104,0.005374232295342389,-9.536691519828472e-05,4336,False,155.00000000001623,-114.99999999995399,profit
4,closed,sell,2016-06-27 09:00:00,1.30456,2016-06-27 13:00:00,1.30037,profit_on_bullish_trend,0.003989054475813436,0.004057566125652567,-6.851164983913069e-05,3659,True,418.9999999999916,304.00000000003763,profit
5,closed,sell,2016-07-26 03:00:00,1.32225,2016-07-26 07:00:00,1.32096,profit_on_bullish_trend,0.0022185679021031746,0.0022326868399934916,-1.4118937890317089e-05,1602,False,129.00000000000134,433.000000000039,profit
6,closed,sell,2016-08-22 13:00:00,1.291,2016-08-22 16:00:00,1.2918999999999998,stop_loss,0.00210173802227831,0.0022094932625554274,-0.00010775524027711739,4778,False,-89.99999999999008,343.0000000000489,loss
7,closed,sell,2016-08-30 15:00:00,1.30372,2016-08-30 18:00:00,1.30462,stop_loss,0.0009970612583098948,0.001008802914807969,-1.1741656498074227e-05,5542,True,-89.99999999999008,253.0000000000588,loss
8,closed,sell,2016-09-12 08:00:00,1.30651,2016-09-12 11:00:00,1.30741,stop_loss,0.00333410617758223,0.0033693908612606304,-3.528468367840036e-05,2410,False,-89.99999999999008,163.00000000006872,loss
9,closed,sell,2016-09-12 17:00:00,1.31019,2016-09-12 21:00:00,1.30532,profit_on_bullish_trend,0.0032293173208410852,0.0032957178554993954,-6.640053465831013e-05,10700,False,486.999999999993,650.0000000000617,profit
10,closed,sell,2016-09-14 03:00:00,1.31577,2016-09-14 07:00:00,1.31496,profit_on_bullish_trend,0.0027181147813204465,0.0027464232603712046,-2.8308479050758156e-05,2720,False,81.00000000001995,731.0000000000816,profit
11,closed,sell,2016-09-15 00:00:00,1.31931,2016-09-15 04:00:00,1.31975,loss_on_bullish_trend,0.0016780565382139567,0.0017049261156189864,-2.6869577405029717e-05,2441,True,-43.999999999999595,687.0000000000821,loss
12,closed,sell,2016-10-21 09:00:00,1.32412,2016-10-21 12:00:00,1.3250199999999999,stop_loss,0.0025124867730592637,0.00256114820355725,-4.866143049798641e-05,2650,False,-89.99999999999008,597.000000000092,loss
13,closed,sell,2016-10-24 05:00:00,1.33575,2016-10-24 09:00:00,1.33473,profit_on_bullish_trend,0.0033618482716928355,0.003368418661042649,-6.570389349813688e-06,3576,False,102.00000000000209,699.000000000094,profit
14,closed,sell,2016-12-20 05:00:00,1.34078,2016-12-20 09:00:00,1.34136,loss_on_bullish_trend,0.0015806480080819973,0.0016077479285638442,-2.7099920481846824e-05,4248,False,-58.000000000002494,641.0000000000915,loss
15,closed,sell,2016-12-28 07:00:00,1.35725,2016-12-28 11:00:00,1.35789,loss_on_bullish_trend,0.0013237252760864848,0.0013568057033934353,-3.308042730695046e-05,4290,False,-63.99999999999739,577.0000000000941,loss
16,closed,sell,2017-01-19 09:00:00,1.3259,2017-01-19 12:00:00,1.3268,stop_loss,0.004402630307212219,0.004424448607228399,-2.181830001618014e-05,4133,False,-89.99999999999008,487.000000000104,loss
17,closed,sell,2017-02-07 04:00:00,1.30918,2017-02-07 07:00:00,1.31008,stop_loss,0.0016643634264694729,0.001684811607963485,-2.0448181494012044e-05,3348,False,-89.99999999999008,397.0000000001139,loss
18,closed,sell,2017-02-07 19:00:00,1.31657,2017-02-07 23:00:00,1.31671,loss_on_bullish_trend,0.002800262175110868,0.002896418217458562,-9.615604234769395e-05,7538,False,-14.000000000002899,383.000000000111,loss
19,closed,sell,2017-02-28 10:00:00,1.31713,2017-02-28 13:00:00,1.3180299999999998,stop_loss,0.0017599234964913446,0.0018357970063633833,-7.587350987203864e-05,4859,False,-89.99999999999008,293.00000000012096,loss
20,closed,sell,2017-03-01 09:00:00,1.33139,2017-03-01 12:00:00,1.33229,stop_loss,0.0035412632761455676,0.0036207693957846705,-7.95061196391029e-05,3821,False,-89.99999999999008,203.00000000013088,loss
21,closed,sell,2017-03-09 07:00:00,1.3496,2017-03-09 10:00:00,1.3504999999999998,stop_loss,0.0018956199344593028,0.001928932832213518,-3.331289775421534e-05,3467,False,-89.99999999999008,113.0000000001408,loss
22,closed,sell,2017-04-04 05:00:00,1.33838,2017-04-04 08:00:00,1.3392799999999998,stop_loss,0.0014915043612324652,0.0015190223301693863,-2.7517968936921055e-05,15793,False,-89.99999999999008,23.00000000015072,loss
23,closed,sell,2017-04-19 04:00:00,1.33892,2017-04-19 07:00:00,1.33982,stop_loss,0.0016931602548218017,0.0016938891674167025,-7.289125949008768e-07,8104,False,-89.99999999999008,-66.99999999983936,loss
24,closed,sell,2017-04-20 04:00:00,1.34792,2017-04-20 08:00:00,1.34756,profit_on_bullish_trend,0.0026081354951594804,0.0026334647316355246,-2.532923647604419e-05,9734,False,35.999999999991594,-30.999999999847766,profit
25,closed,sell,2017-08-07 20:00:00,1.268,2017-08-08 00:00:00,1.26743,profit_on_bullish_trend,0.0018462436793327264,0.001849927470331757,-3.6837909990305832e-06,2887,True,56.99999999999594,26.000000000148177,profit
26,closed,sell,2017-08-31 09:00:00,1.26472,2017-08-31 13:00:00,1.26317,profit_on_bullish_trend,0.0028340095038610347,0.002851239025540261,-1.722952167922641e-05,2701,False,155.00000000001623,181.0000000001644,profit
27,closed,sell,2017-09-19 11:00:00,1.22949,2017-09-19 15:00:00,1.22935,profit_on_bullish_trend,0.0025910819934340523,0.002640221235609668,-4.9139242175615626e-05,5734,False,14.000000000002899,195.0000000001673,profit
28,closed,sell,2017-10-17 00:00:00,1.25153,2017-10-17 03:00:00,1.25243,stop_loss,0.0011113480026114786,0.0011874941666857007,-7.614616407422212e-05,2124,False,-89.99999999999008,105.00000000017721,loss
29,closed,sell,2017-10-26 07:00:00,1.27879,2017-10-26 10:00:00,1.27969,stop_loss,0.0028476641457073626,0.003074166751415052,-0.00022650260570768925,2096,False,-89.99999999999008,15.000000000187129,loss
30,closed,sell,2017-10-27 04:00:00,1.28579,2017-10-27 07:00:00,1.28669,stop_loss,0.0023074097664856907,0.0023117274189517335,-4.3176524660427755e-06,3438,True,-89.99999999999008,-74.99999999980295,loss
31,closed,sell,2017-10-27 09:00:00,1.28684,2017-10-27 13:00:00,1.28691,loss_on_bullish_trend,0.0022239091692355384,0.00228875016948074,-6.48410002452018e-05,3374,False,-7.0000000000014495,-81.9999999998044,loss
32,closed,sell,2017-10-27 14:00:00,1.28782,2017-10-27 17:00:00,1.2887199999999999,stop_loss,0.0020020700485678944,0.002175059042579412,-0.00017298899401151742,5765,False,-89.99999999999008,-171.99999999979448,loss
33,closed,sell,2017-11-14 10:00:00,1.27434,2017-11-14 14:00:00,1.27289,profit_on_bullish_trend,0.0011177027825397534,0.001137527174093143,-1.9824391553389638e-05,4805,False,144.99999999999514,-26.999999999799343,profit
34,closed,sell,2017-11-30 05:00:00,1.2861,2017-11-30 09:00:00,1.28592,profit_on_bullish_trend,0.0014556531780429705,0.0015206044389308344,-6.495126088786399e-05,3832,False,18.0000000000069,-8.999999999792443,profit
35,closed,sell,2017-12-07 14:00:00,1.28262,2017-12-07 17:00:00,1.28352,stop_loss,0.0027119137373539104,0.002783464444006609,-7.155070665269868e-05,3455,False,-89.99999999999008,-98.99999999978252,loss
36,closed,sell,2018-02-06 08:00:00,1.25414,2018-02-06 12:00:00,1.25259,profit_on_bullish_trend,0.00367176641706779,0.003680245081038789,-8.478663970998973e-06,8759,False,154.99999999999403,56.000000000211514,profit
37,closed,sell,2018-02-08 07:00:00,1.25629,2018-02-08 10:00:00,1.2571899999999998,stop_loss,0.001218502382050346,0.0012783361317023243,-5.983374965197832e-05,5864,False,-89.99999999999008,-33.99999999977857,loss
38,closed,sell,2018-02-21 09:00:00,1.26484,2018-02-21 12:00:00,1.2657399999999999,stop_loss,0.0019179745524462444,0.001995034045809804,-7.705949336355962e-05,2994,False,-89.99999999999008,-123.99999999976865,loss
39,closed,sell,2018-02-22 11:00:00,1.26973,2018-02-22 15:00:00,1.26947,profit_on_bullish_trend,0.001257707690750287,0.0014168740746507047,-0.00015916638390041761,6647,False,25.999999999992696,-97.99999999977595,profit
40,closed,sell,2018-02-28 10:00:00,1.27694,2018-02-28 14:00:00,1.27696,loss_on_bullish_trend,0.0019438274813967649,0.002147771727395925,-0.00020394424599916002,4563,False,-2.0000000000131024,-99.99999999978905,loss
41,closed,sell,2018-03-01 07:00:00,1.28415,2018-03-01 11:00:00,1.28354,profit_on_bullish_trend,0.0022275255553003692,0.0022479239652668163,-2.0398409966447106e-05,2019,False,60.99999999999994,-38.99999999978911,profit
42,closed,sell,2018-03-06 03:00:00,1.29718,2018-03-06 07:00:00,1.29784,loss_on_bullish_trend,0.0024602597059850684,0.0025357866894739536,-7.552698348888519e-05,5242,False,-66.00000000001049,-104.9999999997996,loss
43,closed,sell,2018-03-14 06:00:00,1.29457,2018-03-14 09:00:00,1.29547,stop_loss,0.0026221030703681425,0.0027003112867737254,-7.820821640558287e-05,2910,False,-89.99999999999008,-194.99999999978968,loss
44,closed,sell,2018-03-16 22:00:00,1.30948,2018-03-19 03:00:00,1.30981,loss_on_bullish_trend,0.0019239627180605012,0.002038632383316073,-0.00011466966525557195,4113,False,-32.999999999994145,-227.99999999978382,loss
45,closed,sell,2018-03-19 06:00:00,1.31033,2018-03-19 09:00:00,1.31123,stop_loss,0.0015991458077286858,0.0017470579842208073,-0.00014791217649212153,3596,False,-89.99999999999008,-317.9999999997739,loss
46,closed,sell,2018-03-19 11:00:00,1.31164,2018-03-19 14:00:00,1.30564,take_profit,0.0015930105359565072,0.001677990795633457,-8.498025967694977e-05,6955,False,600.0000000000006,282.0000000002267,profit
47,closed,sell,2018-04-24 04:00:00,1.2847,2018-04-24 08:00:00,1.28395,profit_on_bullish_trend,0.0027981922027373596,0.002972970018796694,-0.00017477781605933435,2737,False,75.00000000000284,357.00000000022953,profit
48,closed,sell,2018-05-28 02:00:00,1.29723,2018-05-28 05:00:00,1.29813,stop_loss,0.0022775966747390353,0.0023215370995461424,-4.394042480710715e-05,3150,False,-89.99999999999008,267.0000000002394,loss
49,closed,sell,2018-06-15 13:00:00,1.31399,2018-06-15 16:00:00,1.31489,stop_loss,0.003169562567568951,0.0032642924491949484,-9.472988162599746e-05,6723,False,-89.99999999999008,177.00000000024934,loss
50,closed,sell,2018-07-12 09:00:00,1.3201,2018-07-12 13:00:00,1.31991,profit_on_bullish_trend,0.0017667759503452451,0.001828252009317133,-6.14760589718879e-05,2565,False,19.00000000001345,196.0000000002628,profit
51,closed,sell,2018-09-04 02:00:00,1.30906,2018-09-04 05:00:00,1.3099599999999998,stop_loss,0.0014000359111701055,0.0014011006582388017,-1.064747068696241e-06,1043,True,-89.99999999999008,106.0000000002727,loss
52,closed,sell,2018-09-27 18:00:00,1.30667,2018-09-27 22:00:00,1.30409,profit_on_bullish_trend,0.0022053568886644115,0.0022415215393907146,-3.6164650726303125e-05,3634,False,258.0000000000027,364.00000000027535,profit
53,closed,sell,2018-10-04 12:00:00,1.28822,2018-10-04 16:00:00,1.28711,profit_on_bullish_trend,0.0012943132993077366,0.0012972491072737217,-2.9358079659850492e-06,1813,False,110.99999999999443,475.0000000002698,profit
54,closed,sell,2018-10-05 07:00:00,1.29285,2018-10-05 11:00:00,1.29336,loss_on_bullish_trend,0.0016508150788425713,0.0016556015035706,-4.786424728028685e-06,744,False,-51.000000000001044,424.00000000026876,loss
55,closed,sell,2018-10-22 05:00:00,1.31067,2018-10-22 09:00:00,1.3092,profit_on_bullish_trend,0.0013613041493136802,0.0013898318585241266,-2.8527709210446426e-05,1948,False,147.00000000000824,571.0000000002769,profit
56,closed,sell,2018-11-09 16:00:00,1.31821,2018-11-09 19:00:00,1.31911,stop_loss,0.0018227449225285408,0.0018354318311069803,-1.2686908578439515e-05,2976,True,-89.99999999999008,481.00000000028683,loss
57,closed,sell,2018-11-21 08:00:00,1.33009,2018-11-21 12:00:00,1.32827,profit_on_bullish_trend,0.003135423399037718,0.0032215406290912736,-8.611723005355577e-05,1247,False,181.9999999999933,663.0000000002801,profit
58,closed,sell,2018-11-28 05:00:00,1.33022,2018-11-28 09:00:00,1.33056,loss_on_bullish_trend,0.0014732707482514318,0.0014925893192961714,-1.9318571044739646e-05,1228,False,-34.000000000000696,629.0000000002794,loss
59,closed,sell,2018-11-28 15:00:00,1.33182,2018-11-28 18:00:00,1.33272,stop_loss,0.001341738317072405,0.0014112842197041109,-6.954590263170577e-05,1413,True,-89.99999999999008,539.0000000002893,loss
60,closed,sell,2018-12-06 15:00:00,1.34191,2018-12-06 18:00:00,1.3428099999999998,stop_loss,0.003153042061017297,0.0032457224843851027,-9.268042336780559e-05,3458,False,-89.99999999999008,449.0000000002992,loss
61,closed,sell,2019-02-07 13:00:00,1.324,2019-02-07 16:00:00,1.3249,stop_loss,0.0018795590527058703,0.0019946341380377994,-0.0001150750853319291,2493,False,-89.99999999999008,359.0000000003091,loss
62,closed,sell,2019-02-08 07:00:00,1.33194,2019-02-08 11:00:00,1.3313,profit_on_bullish_trend,0.0025857888166695986,0.002618169347990308,-3.2380531320709473e-05,1684,False,63.99999999999739,423.0000000003065,profit
63,closed,sell,2019-02-15 11:00:00,1.33075,2019-02-15 15:00:00,1.32847,profit_on_bullish_trend,0.0010944567372697112,0.0011747168268046266,-8.026008953491547e-05,2272,False,228.00000000000597,651.0000000003124,profit
64,closed,sell,2019-03-04 07:00:00,1.32809,2019-03-04 10:00:00,1.32899,stop_loss,0.0030374289475840754,0.0031011852170407853,-6.375626945670987e-05,1164,False,-89.99999999999008,561.0000000003223,loss
65,closed,sell,2019-03-04 21:00:00,1.33182,2019-03-05 01:00:00,1.33104,profit_on_bullish_trend,0.002284806247254023,0.0024643430861080533,-0.00017953683885403018,2563,False,78.00000000000028,639.0000000003226,profit
66,closed,sell,2019-03-05 14:00:00,1.33366,2019-03-05 17:00:00,1.33456,stop_loss,0.0013575120794271367,0.0013913700719293055,-3.385799250216876e-05,1907,True,-89.99999999999008,549.0000000003325,loss
67,closed,sell,2019-03-06 11:00:00,1.33651,2019-03-06 14:00:00,1.33741,stop_loss,0.0010257306651137998,0.0011535476740240122,-0.00012781700891021232,2305,True,-89.99999999999008,459.0000000003424,loss
68,closed,sell,2019-03-07 07:00:00,1.34419,2019-03-07 11:00:00,1.34365,profit_on_bullish_trend,0.002080956548848656,0.002140773516908934,-5.981696806027807e-05,954,False,53.999999999998494,513.000000000341,profit
69,closed,sell,2019-03-08 09:00:00,1.34534,2019-03-08 13:00:00,1.34565,loss_on_bullish_trend,0.0008547889519521235,0.0009242682807823422,-6.94793288302187e-05,2291,False,-31.000000000003247,482.0000000003377,loss
70,closed,sell,2019-04-24 14:00:00,1.34534,2019-04-24 17:00:00,1.3462399999999999,stop_loss,0.0016759714239507062,0.0018005443138021777,-0.00012457288985147147,1531,False,-89.99999999999008,392.00000000034765,loss
71,closed,sell,2019-06-17 07:00:00,1.34059,2019-06-17 10:00:00,1.3414899999999998,stop_loss,0.001898426353332372,0.0019531191808150473,-5.469282748267533e-05,810,False,-89.99999999999008,302.00000000035755,loss
72,closed,sell,2019-08-29 10:00:00,1.33146,2019-08-29 14:00:00,1.32847,profit_on_bullish_trend,0.0006306897632650799,0.0006412928015627762,-1.0603038297696374e-05,1565,False,299.00000000000483,601.0000000003624,profit
73,closed,sell,2019-10-31 05:00:00,1.31541,2019-10-31 09:00:00,1.31543,loss_on_bullish_trend,0.0020294178463713397,0.0021211272959405655,-9.170944956922574e-05,759,False,-2.0000000000131024,599.0000000003494,loss
74,closed,sell,2020-01-23 13:00:00,1.31623,2020-01-23 17:00:00,1.31448,profit_on_bullish_trend,0.0018966894851597527,0.0020092335831259737,-0.00011254409796622108,599,False,174.99999999999181,774.0000000003412,profit
75,closed,sell,2020-02-04 06:00:00,1.32896,2020-02-04 10:00:00,1.32847,profit_on_bullish_trend,0.0014688204971873287,0.0014719601807912947,-3.139683603966062e-06,1252,False,48.99999999998794,823.0000000003291,profit
76,closed,sell,2020-02-28 17:00:00,1.34404,2020-02-28 21:00:00,1.34294,profit_on_bullish_trend,0.0024607901267159615,0.0025982158394357267,-0.0001374257127197652,6534,False,109.99999999998789,933.000000000317,profit
77,closed,sell,2020-03-09 13:00:00,1.36209,2020-03-09 16:00:00,1.35609,take_profit,0.005381802880325859,0.005512351224649078,-0.00013054834432321954,4211,False,600.0000000000006,1533.0000000003174,profit
78,closed,sell,2020-03-10 08:00:00,1.36357,2020-03-10 11:00:00,1.3644699999999998,stop_loss,0.002350404642590176,0.003024683125414466,-0.00067427848282429,2750,True,-89.99999999999008,1443.0000000003274,loss
79,closed,sell,2020-03-13 09:00:00,1.38842,2020-03-13 12:00:00,1.38242,take_profit,0.00334943594381909,0.0037281536816750017,-0.00037871773785591156,3347,False,600.0000000000006,2043.0000000003279,profit
80,closed,sell,2020-06-25 11:00:00,1.36466,2020-06-25 15:00:00,1.36533,loss_on_bullish_trend,0.0022020556177120287,0.0022349826990070653,-3.2927081295036544e-05,3886,False,-66.99999999999484,1976.000000000333,loss
81,closed,sell,2020-09-09 08:00:00,1.32335,2020-09-09 12:00:00,1.32328,profit_on_bullish_trend,0.00300969515108207,0.0031236538458832746,-0.00011395869480120436,1662,False,7.0000000000014495,1983.0000000003345,profit
82,closed,sell,2020-09-22 05:00:00,1.33109,2020-09-22 08:00:00,1.33199,stop_loss,0.0028902606736220804,0.0029474807484702156,-5.7220074848135256e-05,3447,False,-89.99999999999008,1893.0000000003445,loss
83,closed,sell,2020-10-16 01:00:00,1.32178,2020-10-16 04:00:00,1.3226799999999999,stop_loss,0.001972173231991947,0.0020618960397963257,-8.972280780437849e-05,582,False,-89.99999999999008,1803.0000000003545,loss
84,closed,sell,2020-10-29 03:00:00,1.33136,2020-10-29 07:00:00,1.32894,profit_on_bullish_trend,0.003111737200215403,0.0031185941365806645,-6.8569363652613326e-06,5246,False,242.00000000000887,2045.0000000003633,profit
85,closed,sell,2020-12-22 11:00:00,1.28709,2020-12-22 15:00:00,1.28626,profit_on_bullish_trend,0.0010909244480485913,0.0011074439428916216,-1.6519494843030263e-05,3686,True,83.00000000001084,2128.0000000003743,profit
86,closed,sell,2021-03-01 06:00:00,1.27029,2021-03-01 10:00:00,1.26938,profit_on_bullish_trend,0.0028904887076164343,0.0032876492386008354,-0.0003971605309844011,2874,False,90.99999999999665,2219.000000000371,profit
87,closed,sell,2021-03-26 03:00:00,1.2599,2021-03-26 07:00:00,1.25862,profit_on_bullish_trend,0.0008566588053231516,0.0009297036354526021,-7.30448301294505e-05,1449,False,127.99999999999478,2347.000000000366,profit
88,closed,sell,2021-04-21 08:00:00,1.2611,2021-04-21 12:00:00,1.25975,profit_on_bullish_trend,0.002345101298732999,0.0023749162176469156,-2.9814918913916716e-05,834,False,135.00000000001845,2482.0000000003847,profit
89,closed,sell,2021-06-14 06:00:00,1.21504,2021-06-14 09:00:00,1.2159399999999998,stop_loss,0.00152948221015059,0.0015474648341255888,-1.7982623974998778e-05,939,False,-89.99999999999008,2392.0000000003947,loss
90,closed,sell,2021-06-18 00:00:00,1.23532,2021-06-18 04:00:00,1.23448,profit_on_bullish_trend,0.0031915980564691804,0.003246819683349217,-5.5221626880036425e-05,842,False,83.9999999999952,2476.0000000003897,profit
91,closed,sell,2021-06-21 05:00:00,1.24537,2021-06-21 08:00:00,1.24627,stop_loss,0.002818690456815265,0.0028790257676062385,-6.033531079097359e-05,2795,False,-89.99999999999008,2386.0000000003997,loss
92,closed,sell,2021-06-30 09:00:00,1.23935,2021-06-30 12:00:00,1.2402499999999999,stop_loss,0.0011458206922767555,0.0013757299375374372,-0.0002299092452606817,774,False,-89.99999999999008,2296.0000000004097,loss
93,closed,sell,2021-07-02 08:00:00,1.24307,2021-07-02 11:00:00,1.2439699999999998,stop_loss,0.0010211991832167477,0.001034082840293891,-1.2883657077143338e-05,514,False,-89.99999999999008,2206.0000000004197,loss
94,closed,sell,2021-08-17 02:00:00,1.25704,2021-08-17 05:00:00,1.2579399999999998,stop_loss,0.0011809472271699928,0.001202722768724472,-2.1775541554479132e-05,379,False,-89.99999999999008,2116.0000000004297,loss
95,closed,sell,2021-08-17 17:00:00,1.26124,2021-08-17 20:00:00,1.2621399999999998,stop_loss,0.0015928918576375573,0.0015930417280168709,-1.4987037931361337e-07,5166,True,-89.99999999999008,2026.0000000004397,loss
96,closed,sell,2021-08-20 04:00:00,1.28146,2021-08-20 07:00:00,1.28236,stop_loss,0.003938947050088792,0.004022064094695289,-8.311704460649619e-05,1911,False,-89.99999999999008,1936.0000000004497,loss
97,closed,sell,2021-08-20 09:00:00,1.28657,2021-08-20 12:00:00,1.28747,stop_loss,0.00403125277404115,0.004055343231413598,-2.4090457372448124e-05,3312,False,-89.99999999999008,1846.0000000004597,loss
98,closed,sell,2021-08-20 16:00:00,1.2902,2021-08-20 19:00:00,1.2842,take_profit,0.004305309748712904,0.004361042361271392,-5.573261255848762e-05,2787,False,600.0000000000006,2446.00000000046,profit
99,closed,sell,2021-09-09 11:00:00,1.27079,2021-09-09 15:00:00,1.26711,profit_on_bullish_trend,0.0017165054228294174,0.0017357122752971982,-1.9206852467780738e-05,4340,False,368.00000000001273,2814.000000000473,profit
100,closed,sell,2021-11-03 10:00:00,1.24201,2021-11-03 14:00:00,1.24104,profit_on_bullish_trend,0.0007643045739738064,0.0007706078094850867,-6.303235511280329e-06,1886,False,97.00000000001374,2911.0000000004866,profit
101,closed,sell,2021-11-12 00:00:00,1.25726,2021-11-12 03:00:00,1.25816,stop_loss,0.0028478850945135026,0.0029009334244894337,-5.304832997593111e-05,2016,False,-89.99999999999008,2821.0000000004966,loss
102,closed,sell,2022-03-09 04:00:00,1.28719,2022-03-09 07:00:00,1.28809,stop_loss,0.002372972961270259,0.0026075781178509926,-0.00023460515658073377,4520,False,-89.99999999999008,2731.0000000005066,loss
103,closed,sell,2022-04-07 11:00:00,1.25505,2022-04-07 14:00:00,1.25595,stop_loss,0.00163003711107379,0.0016770481792649115,-4.70110681911216e-05,4339,False,-89.99999999999008,2641.0000000005166,loss
104,closed,sell,2022-04-25 01:00:00,1.27064,2022-04-25 04:00:00,1.27154,stop_loss,0.003910007306113572,0.003991220358674094,-8.121305256052203e-05,163,False,-89.99999999999008,2551.0000000005266,loss
105,closed,sell,2022-04-25 06:00:00,1.27358,2022-04-25 09:00:00,1.2744799999999998,stop_loss,0.003525425791721881,0.00373821059405008,-0.00021278480232819882,3401,False,-89.99999999999008,2461.0000000005366,loss
106,closed,sell,2022-05-09 13:00:00,1.29323,2022-05-09 17:00:00,1.29377,loss_on_bullish_trend,0.0022817760874009885,0.0025078557114514037,-0.0002260796240504152,4878,False,-53.999999999998494,2407.000000000538,loss
107,closed,sell,2022-06-10 09:00:00,1.26884,2022-06-10 12:00:00,1.2697399999999999,stop_loss,0.003240531600081864,0.003406726117878973,-0.00016619451779710916,2154,False,-89.99999999999008,2317.000000000548,loss
108,closed,sell,2022-06-10 23:00:00,1.27738,2022-06-13 02:00:00,1.2782799999999999,stop_loss,0.003456945123716526,0.003639206358064287,-0.00018226123434776078,5770,False,-89.99999999999008,2227.000000000558,loss
109,closed,sell,2022-06-13 17:00:00,1.28518,2022-06-13 20:00:00,1.28608,stop_loss,0.0030621957802374755,0.003180377174291912,-0.0001181813940544364,9301,False,-89.99999999999008,2137.000000000568,loss
110,closed,sell,2022-07-06 04:00:00,1.30232,2022-07-06 07:00:00,1.3032199999999998,stop_loss,0.003889602398609693,0.004092781132462227,-0.00020317873385253434,3526,False,-89.99999999999008,2047.000000000578,loss
111,closed,sell,2022-08-16 00:00:00,1.29023,2022-08-16 03:00:00,1.2911299999999999,stop_loss,0.003168572833208483,0.0032003843501086887,-3.1811516900205877e-05,1220,False,-89.99999999999008,1957.000000000588,loss
112,closed,sell,2022-08-23 05:00:00,1.30355,2022-08-23 09:00:00,1.3041,loss_on_bullish_trend,0.0015672075884192171,0.001658180541194862,-9.097295277564477e-05,2374,False,-55.000000000005045,1902.000000000583,loss
113,closed,sell,2022-09-14 08:00:00,1.31616,2022-09-14 12:00:00,1.31636,loss_on_bullish_trend,0.004189484095471263,0.004228329960753593,-3.884586528233019e-05,2909,False,-19.999999999997797,1882.0000000005853,loss
114,closed,sell,2022-09-26 05:00:00,1.35981,2022-09-26 08:00:00,1.3607099999999999,stop_loss,0.0027279784844609356,0.002731728721009068,-3.7502365481324913e-06,9198,False,-89.99999999999008,1792.0000000005953,loss
115,closed,sell,2022-10-07 05:00:00,1.37329,2022-10-07 08:00:00,1.3741899999999998,stop_loss,0.003386373389753894,0.0034544522325497297,-6.807884279583579e-05,4328,False,-89.99999999999008,1702.0000000006053,loss
116,closed,sell,2022-12-06 23:00:00,1.36517,2022-12-07 03:00:00,1.36495,profit_on_bullish_trend,0.0033815185927448255,0.0034585499444678347,-7.70313517230092e-05,3351,False,21.999999999988695,1724.000000000594,profit
117,closed,sell,2023-03-08 08:00:00,1.3762,2023-03-08 12:00:00,1.37581,profit_on_bullish_trend,0.0034532412510417387,0.003474531175596125,-2.1289924554386466e-05,3050,False,39.00000000001125,1763.000000000605,profit
118,closed,sell,2023-04-18 03:00:00,1.33941,2023-04-18 07:00:00,1.3386,profit_on_bullish_trend,0.0009358718222962636,0.0009585112748508676,-2.2639452554604005e-05,760,False,80.99999999999774,1844.0000000006028,profit
119,closed,sell,2023-05-03 05:00:00,1.36204,2023-05-03 09:00:00,1.36136,profit_on_bullish_trend,0.001655998382967594,0.001685641657810568,-2.9643274842974104e-05,3588,False,68.00000000000139,1912.0000000006041,profit
120,closed,sell,2023-05-12 05:00:00,1.34841,2023-05-12 09:00:00,1.34891,loss_on_bullish_trend,0.002554337612505231,0.0025948576934489574,-4.05200809437266e-05,3495,False,-49.99999999999449,1862.0000000006096,loss
121,closed,sell,2023-05-15 05:00:00,1.35489,2023-05-15 09:00:00,1.35282,profit_on_bullish_trend,0.002268660557222635,0.002343534854410863,-7.487429718822797e-05,4618,False,207.00000000000162,2069.000000000611,profit
122,closed,sell,2023-05-25 08:00:00,1.3608,2023-05-25 12:00:00,1.35951,profit_on_bullish_trend,0.002047882393291456,0.0020660448126373705,-1.8162419345914716e-05,1858,False,129.00000000000134,2198.0000000006125,profit
123,closed,sell,2023-05-26 05:00:00,1.36434,2023-05-26 09:00:00,1.36371,profit_on_bullish_trend,0.0016292456439610525,0.00165419821414939,-2.4952570188337478e-05,4588,False,63.000000000013046,2261.0000000006257,profit
124,closed,sell,2023-07-07 06:00:00,1.33656,2023-07-07 10:00:00,1.33738,loss_on_bullish_trend,0.0021896639565597287,0.0022014073637350614,-1.174340717533277e-05,1869,False,-82.00000000000429,2179.0000000006216,loss
125,closed,sell,2023-08-03 04:00:00,1.33477,2023-08-03 07:00:00,1.33567,stop_loss,0.0017924180001420709,0.0018638422681515464,-7.142426800947556e-05,2542,False,-89.99999999999008,2089.0000000006316,loss
126,closed,sell,2023-08-16 09:00:00,1.35006,2023-08-16 13:00:00,1.34882,profit_on_bullish_trend,0.0008890950993221125,0.0008943810616129907,-5.285962290878222e-06,2607,False,124.00000000001299,2213.000000000645,profit
127,closed,sell,2023-10-03 03:00:00,1.36757,2023-10-03 06:00:00,1.3684699999999999,stop_loss,0.0033233673288330934,0.00337567304896904,-5.230572013594642e-05,1616,False,-89.99999999999008,2123.000000000655,loss
128,closed,sell,2023-10-13 07:00:00,1.36827,2023-10-13 11:00:00,1.36679,profit_on_bullish_trend,0.0022002142525785473,0.0022181676602052378,-1.7953407626690454e-05,2549,False,148.00000000001478,2271.0000000006694,profit
129,closed,sell,2023-10-19 12:00:00,1.37361,2023-10-19 16:00:00,1.3731,profit_on_bullish_trend,0.001966105087866321,0.001974343906626157,-8.238818759835793e-06,6012,False,51.000000000001044,2322.0000000006703,profit
130,closed,sell,2023-10-26 09:00:00,1.38133,2023-10-26 13:00:00,1.37939,profit_on_bullish_trend,0.0017482392215464326,0.001754705134009717,-6.465912463284387e-06,2969,False,194.0000000000053,2516.0000000006758,profit
131,closed,sell,2023-11-10 09:00:00,1.37991,2023-11-10 12:00:00,1.3808099999999999,stop_loss,0.00046178110735728417,0.0004619414698606831,-1.6036250339890616e-07,1789,True,-89.99999999999008,2426.0000000006858,loss
132,closed,sell,2024-01-03 05:00:00,1.3327,2024-01-03 09:00:00,1.33244,profit_on_bullish_trend,0.0020377132362079386,0.0020440158431936136,-6.302606985674961e-06,2831,False,25.999999999992696,2452.0000000006785,profit
133,closed,sell,2024-01-03 22:00:00,1.33549,2024-01-04 02:00:00,1.33479,profit_on_bullish_trend,0.001619685178651853,0.0016434750530613068,-2.3789874409453887e-05,11633,False,70.0000000000145,2522.000000000693,profit
134,closed,sell,2024-01-25 10:00:00,1.35205,2024-01-25 14:00:00,1.35063,profit_on_bullish_trend,0.001355756387931395,0.0013869549689750143,-3.119858104361933e-05,3025,False,141.99999999999767,2664.0000000006908,profit
135,closed,sell,2024-02-05 14:00:00,1.3488,2024-02-05 17:00:00,1.3497,stop_loss,0.0017044158926962094,0.0017503758952925551,-4.596000259634572e-05,2582,True,-89.99999999999008,2574.0000000007008,loss
136,closed,sell,2024-02-06 03:00:00,1.35361,2024-02-06 07:00:00,1.35143,profit_on_bullish_trend,0.0022572134105067754,0.002288415494551983,-3.1202084045207565e-05,1575,False,218.00000000000708,2792.000000000708,profit
137,closed,sell,2024-02-21 05:00:00,1.35129,2024-02-21 09:00:00,1.35112,profit_on_bullish_trend,0.0006608328935775454,0.0006978679378584682,-3.703504428092283e-05,2025,False,17.000000000000348,2809.0000000007085,profit
